loss,hyperparameters,iteration,runtime,score,std
0.5728391465948853,"{'boosting_type': 'gbdt', 'colsample_bytree': 0.724122029473264, 'learning_rate': 0.04261740368441586, 'limit_max_depth': False, 'max_depth': -1, 'min_child_samples': 20, 'num_leaves': 29, 'reg_alpha': 0.8845303473134388, 'reg_lambda': 0.39003131343987274, 'subsample_for_bin': 90000, 'subsample': 0.8182859417118102, 'subsample_freq': 7, 'n_estimators': 97}",1,1.4853455368021968,0.42716085340511467,0.010492872156783704
0.5863103784396545,"{'boosting_type': 'dart', 'colsample_bytree': 0.5484016703812358, 'learning_rate': 0.029849482256424687, 'limit_max_depth': True, 'max_depth': 15, 'min_child_samples': 40, 'num_leaves': 28, 'reg_alpha': 0.9351350871889541, 'reg_lambda': 0.5162557941491537, 'subsample_for_bin': 26000, 'drop_rate': 0.14853388979263654, 'subsample': 0.8819548249988137, 'subsample_freq': 4, 'n_estimators': 0}",2,3.303630209201947,0.4136896215603455,0.014033892328157134
0.5632289296021171,"{'boosting_type': 'gbdt', 'colsample_bytree': 0.5961837880986565, 'learning_rate': 0.06679980580615776, 'limit_max_depth': False, 'max_depth': -1, 'min_child_samples': 50, 'num_leaves': 35, 'reg_alpha': 0.340255441381616, 'reg_lambda': 0.7278993475537592, 'subsample_for_bin': 10000, 'subsample': 0.6157120557459888, 'subsample_freq': 2, 'n_estimators': 51}",3,2.2099362794018815,0.4367710703978829,0.02045334692850869
0.5748023197420892,"{'boosting_type': 'gbdt', 'colsample_bytree': 0.6449340070878946, 'learning_rate': 0.094349068429408, 'limit_max_depth': True, 'max_depth': 14, 'min_child_samples': 80, 'num_leaves': 12, 'reg_alpha': 0.11663856732244826, 'reg_lambda': 0.4993843725566445, 'subsample_for_bin': 96000, 'subsample': 0.5780115765887616, 'subsample_freq': 9, 'n_estimators': 112}",4,1.2095775353896898,0.4251976802579108,0.011351975164108392
0.5785324717636635,"{'boosting_type': 'dart', 'colsample_bytree': 0.6645835521455663, 'learning_rate': 0.06700937696760209, 'limit_max_depth': False, 'max_depth': -1, 'min_child_samples': 35, 'num_leaves': 26, 'reg_alpha': 0.9025507639214485, 'reg_lambda': 0.0971750244552817, 'subsample_for_bin': 32000, 'drop_rate': 0.13477447590088953, 'subsample': 0.8169578378145499, 'subsample_freq': 8, 'n_estimators': 0}",5,3.618808548798552,0.42146752823633643,0.017027497672979182
0.5791687582594334,"{'boosting_type': 'dart', 'colsample_bytree': 0.8590706957175611, 'learning_rate': 0.06094772433066245, 'limit_max_depth': True, 'max_depth': 20, 'min_child_samples': 20, 'num_leaves': 31, 'reg_alpha': 0.9611684971733866, 'reg_lambda': 0.7049673946568158, 'subsample_for_bin': 26000, 'drop_rate': 0.4389439373569276, 'subsample': 0.8622165062120416, 'subsample_freq': 4, 'n_estimators': 0}",6,5.312699004000751,0.4208312417405667,0.02734209399005362
0.6021053463779166,"{'boosting_type': 'dart', 'colsample_bytree': 0.9954502162974921, 'learning_rate': 0.15818389217973483, 'limit_max_depth': False, 'max_depth': -1, 'min_child_samples': 65, 'num_leaves': 21, 'reg_alpha': 0.1907361519664006, 'reg_lambda': 0.1938809309914178, 'subsample_for_bin': 78000, 'drop_rate': 0.4526613825392475, 'subsample': 0.5788903682738211, 'subsample_freq': 6, 'n_estimators': 0}",7,3.6041551595961208,0.3978946536220834,0.021085036995616153
0.5739291939435255,"{'boosting_type': 'goss', 'colsample_bytree': 0.8313358453289703, 'learning_rate': 0.07014283161575764, 'limit_max_depth': True, 'max_depth': 11, 'min_child_samples': 65, 'num_leaves': 23, 'reg_alpha': 0.27175797214097963, 'reg_lambda': 0.20586605466059527, 'subsample_for_bin': 44000, 'subsample': 1.0, 'subsample_freq': 0, 'n_estimators': 77}",8,0.8894618742109742,0.4260708060564745,0.02486175246384866
0.5748825488313793,"{'boosting_type': 'goss', 'colsample_bytree': 0.6285509913750941, 'learning_rate': 0.03571365152555061, 'limit_max_depth': False, 'max_depth': -1, 'min_child_samples': 65, 'num_leaves': 10, 'reg_alpha': 0.5608536155598893, 'reg_lambda': 0.5358600420824475, 'subsample_for_bin': 88000, 'subsample': 1.0, 'subsample_freq': 0, 'n_estimators': 93}",9,0.8589743519958575,0.4251174511686206,0.01541214668580772
0.5769232667935802,"{'boosting_type': 'goss', 'colsample_bytree': 0.9229095228376942, 'learning_rate': 0.08797515325327593, 'limit_max_depth': True, 'max_depth': 15, 'min_child_samples': 50, 'num_leaves': 11, 'reg_alpha': 0.7415300439594142, 'reg_lambda': 0.06813622173478051, 'subsample_for_bin': 48000, 'subsample': 1.0, 'subsample_freq': 0, 'n_estimators': 81}",10,0.9814012600050773,0.42307673320641986,0.014669414365741176
0.5855268514764337,"{'boosting_type': 'gbdt', 'colsample_bytree': 0.7952200621183471, 'learning_rate': 0.030476297303049342, 'limit_max_depth': False, 'max_depth': -1, 'min_child_samples': 75, 'num_leaves': 40, 'reg_alpha': 0.4766414981244056, 'reg_lambda': 0.7705930253087836, 'subsample_for_bin': 50000, 'subsample': 0.907714688633277, 'subsample_freq': 4, 'n_estimators': 134}",11,1.6277270346065051,0.4144731485235663,0.013663956725183222
0.5705066239841889,"{'boosting_type': 'gbdt', 'colsample_bytree': 0.5576356741348292, 'learning_rate': 0.08209840947795974, 'limit_max_depth': True, 'max_depth': 21, 'min_child_samples': 65, 'num_leaves': 38, 'reg_alpha': 0.392540839827884, 'reg_lambda': 0.23126428835644652, 'subsample_for_bin': 54000, 'subsample': 0.9873852321393206, 'subsample_freq': 3, 'n_estimators': 80}",12,1.6072219511959702,0.4294933760158111,0.010416204617554941
0.5613171171703815,"{'boosting_type': 'gbdt', 'colsample_bytree': 0.6780957702271633, 'learning_rate': 0.06000676518942031, 'limit_max_depth': False, 'max_depth': -1, 'min_child_samples': 15, 'num_leaves': 32, 'reg_alpha': 0.17379319641665147, 'reg_lambda': 0.35302285897008745, 'subsample_for_bin': 62000, 'subsample': 0.7979784283665818, 'subsample_freq': 7, 'n_estimators': 72}",13,2.712470923992805,0.4386828828296185,0.016629638835989755
0.5926866103563329,"{'boosting_type': 'goss', 'colsample_bytree': 0.5546590236336931, 'learning_rate': 0.02677861680638013, 'limit_max_depth': False, 'max_depth': -1, 'min_child_samples': 55, 'num_leaves': 3, 'reg_alpha': 0.19666321917569263, 'reg_lambda': 0.355982725615399, 'subsample_for_bin': 26000, 'subsample': 1.0, 'subsample_freq': 0, 'n_estimators': 90}",14,1.0180319336010144,0.4073133896436672,0.0053167966852456375
0.5897943240868557,"{'boosting_type': 'dart', 'colsample_bytree': 0.7351661394587734, 'learning_rate': 0.04078206480691945, 'limit_max_depth': False, 'max_depth': -1, 'min_child_samples': 30, 'num_leaves': 21, 'reg_alpha': 0.012679575751633254, 'reg_lambda': 0.2148454353876158, 'subsample_for_bin': 48000, 'drop_rate': 0.1247126736402521, 'subsample': 0.9745122709145622, 'subsample_freq': 2, 'n_estimators': 0}",15,3.2478044317977037,0.4102056759131442,0.012683860486702971
0.5841684855584052,"{'boosting_type': 'gbdt', 'colsample_bytree': 0.6657633023067722, 'learning_rate': 0.06994580525180019, 'limit_max_depth': False, 'max_depth': -1, 'min_child_samples': 55, 'num_leaves': 5, 'reg_alpha': 0.5165456528967732, 'reg_lambda': 0.6126725366151624, 'subsample_for_bin': 88000, 'subsample': 0.926610886916774, 'subsample_freq': 9, 'n_estimators': 74}",16,0.9455777815950569,0.41583151444159483,0.008302082648391901
0.5849220876931144,"{'boosting_type': 'dart', 'colsample_bytree': 0.7899327302013702, 'learning_rate': 0.0863660629430587, 'limit_max_depth': False, 'max_depth': -1, 'min_child_samples': 40, 'num_leaves': 27, 'reg_alpha': 0.4331412597263504, 'reg_lambda': 0.24559517421675103, 'subsample_for_bin': 60000, 'drop_rate': 0.35934193714224927, 'subsample': 0.9150735115373663, 'subsample_freq': 5, 'n_estimators': 0}",17,4.588647714792751,0.4150779123068856,0.016210716690336125
0.5823850071349025,"{'boosting_type': 'goss', 'colsample_bytree': 0.5773103696003723, 'learning_rate': 0.025296466069797983, 'limit_max_depth': True, 'max_depth': 13, 'min_child_samples': 65, 'num_leaves': 47, 'reg_alpha': 0.357488186593929, 'reg_lambda': 0.5480005314776927, 'subsample_for_bin': 98000, 'subsample': 1.0, 'subsample_freq': 0, 'n_estimators': 19}",18,0.8776287029846571,0.4176149928650975,0.012787853444637603
0.5786257663733652,"{'boosting_type': 'goss', 'colsample_bytree': 0.9819171339408648, 'learning_rate': 0.16447407075130258, 'limit_max_depth': True, 'max_depth': 13, 'min_child_samples': 35, 'num_leaves': 25, 'reg_alpha': 0.22746472024032438, 'reg_lambda': 0.967376051122043, 'subsample_for_bin': 16000, 'subsample': 1.0, 'subsample_freq': 0, 'n_estimators': 107}",19,1.2627575841965153,0.4213742336266348,0.029291534664513865
0.5796849859673217,"{'boosting_type': 'gbdt', 'colsample_bytree': 0.7191883180897098, 'learning_rate': 0.13623625500771497, 'limit_max_depth': True, 'max_depth': 29, 'min_child_samples': 45, 'num_leaves': 10, 'reg_alpha': 0.4123695099916894, 'reg_lambda': 0.7513845692565734, 'subsample_for_bin': 76000, 'subsample': 0.749397418325376, 'subsample_freq': 9, 'n_estimators': 138}",20,1.2012410188035574,0.4203150140326783,0.029861391753111918
0.568778850142425,"{'boosting_type': 'gbdt', 'colsample_bytree': 0.5183190877863678, 'learning_rate': 0.05122748584454052, 'limit_max_depth': False, 'max_depth': -1, 'min_child_samples': 10, 'num_leaves': 36, 'reg_alpha': 0.021782817461052706, 'reg_lambda': 0.9478742847449219, 'subsample_for_bin': 8000, 'subsample': 0.6202837118506883, 'subsample_freq': 6, 'n_estimators': 68}",21,1.8248971525928936,0.431221149857575,0.016083929749016537
0.5663492192838027,"{'boosting_type': 'gbdt', 'colsample_bytree': 0.6090901766479634, 'learning_rate': 0.11781853504178094, 'limit_max_depth': False, 'max_depth': -1, 'min_child_samples': 5, 'num_leaves': 45, 'reg_alpha': 0.6042443872287475, 'reg_lambda': 0.8366914207085323, 'subsample_for_bin': 70000, 'subsample': 0.7003316416292562, 'subsample_freq': 1, 'n_estimators': 21}",22,1.5631660475977696,0.4336507807161974,0.02271849033791151
0.5656005621801816,"{'boosting_type': 'gbdt', 'colsample_bytree': 0.5041895310089499, 'learning_rate': 0.23415020996425043, 'limit_max_depth': False, 'max_depth': -1, 'min_child_samples': 20, 'num_leaves': 33, 'reg_alpha': 0.30761695597592703, 'reg_lambda': 0.3889510166786829, 'subsample_for_bin': 6000, 'subsample': 0.6672501631930334, 'subsample_freq': 1, 'n_estimators': 13}",23,1.2408815884031354,0.4343994378198183,0.006949792310490184
0.554789967169462,"{'boosting_type': 'gbdt', 'colsample_bytree': 0.6880564092274765, 'learning_rate': 0.053251586292955025, 'limit_max_depth': False, 'max_depth': -1, 'min_child_samples': 25, 'num_leaves': 41, 'reg_alpha': 0.10135663197146025, 'reg_lambda': 0.6221355212572887, 'subsample_for_bin': 62000, 'subsample': 0.5089845041326582, 'subsample_freq': 7, 'n_estimators': 77}",24,1.6558006143954116,0.445210032830538,0.011680830369741038
0.5641710883999524,"{'boosting_type': 'gbdt', 'colsample_bytree': 0.690125394396955, 'learning_rate': 0.05176516319366194, 'limit_max_depth': False, 'max_depth': -1, 'min_child_samples': 10, 'num_leaves': 42, 'reg_alpha': 0.06745062699431179, 'reg_lambda': 0.32306788113768403, 'subsample_for_bin': 64000, 'subsample': 0.8163280913836719, 'subsample_freq': 7, 'n_estimators': 48}",25,1.8189295283926186,0.4358289116000475,0.005371059247835379
0.5649394345954907,"{'boosting_type': 'gbdt', 'colsample_bytree': 0.7603548882489826, 'learning_rate': 0.05280017713938105, 'limit_max_depth': False, 'max_depth': -1, 'min_child_samples': 25, 'num_leaves': 43, 'reg_alpha': 0.13032560076711236, 'reg_lambda': 0.6560588341539839, 'subsample_for_bin': 60000, 'subsample': 0.5239050207020587, 'subsample_freq': 7, 'n_estimators': 83}",26,1.721066779800458,0.4350605654045093,0.028078740533484876
0.5635487271864812,"{'boosting_type': 'gbdt', 'colsample_bytree': 0.8771240434120893, 'learning_rate': 0.11237513677722137, 'limit_max_depth': False, 'max_depth': -1, 'min_child_samples': 10, 'num_leaves': 49, 'reg_alpha': 0.13406334782413443, 'reg_lambda': 0.43348078391479417, 'subsample_for_bin': 36000, 'subsample': 0.8278967054166632, 'subsample_freq': 5, 'n_estimators': 43}",27,2.0177619733905887,0.4364512728135188,0.010941776222976988
0.568439484330324,"{'boosting_type': 'gbdt', 'colsample_bytree': 0.6926904755303118, 'learning_rate': 0.041819882527627306, 'limit_max_depth': False, 'max_depth': -1, 'min_child_samples': 15, 'num_leaves': 49, 'reg_alpha': 0.6572832165130769, 'reg_lambda': 0.8974849736940218, 'subsample_for_bin': 78000, 'subsample': 0.5168658708435713, 'subsample_freq': 8, 'n_estimators': 145}",28,2.1292072731943334,0.431560515669676,0.021832209581696745
0.5690400154892765,"{'boosting_type': 'gbdt', 'colsample_bytree': 0.7703902798325695, 'learning_rate': 0.04828543861695337, 'limit_max_depth': False, 'max_depth': -1, 'min_child_samples': 25, 'num_leaves': 17, 'reg_alpha': 0.0033537273119623734, 'reg_lambda': 0.4461822887867321, 'subsample_for_bin': 40000, 'subsample': 0.7493428004075611, 'subsample_freq': 5, 'n_estimators': 76}",29,1.1370507659914437,0.43095998451072354,0.008057715967720197
0.5623599206019838,"{'boosting_type': 'gbdt', 'colsample_bytree': 0.7056578412541884, 'learning_rate': 0.10384720576734073, 'limit_max_depth': False, 'max_depth': -1, 'min_child_samples': 25, 'num_leaves': 31, 'reg_alpha': 0.07112158774926079, 'reg_lambda': 0.0016620938050950773, 'subsample_for_bin': 66000, 'subsample': 0.8500289550921232, 'subsample_freq': 6, 'n_estimators': 37}",30,1.367429628194077,0.4376400793980162,0.012358186734207159
0.5724722960465629,"{'boosting_type': 'gbdt', 'colsample_bytree': 0.8225244958227295, 'learning_rate': 0.03427904750217118, 'limit_max_depth': False, 'max_depth': -1, 'min_child_samples': 15, 'num_leaves': 39, 'reg_alpha': 0.2431457393085819, 'reg_lambda': 0.6360083830434069, 'subsample_for_bin': 82000, 'subsample': 0.6941318330579818, 'subsample_freq': 8, 'n_estimators': 81}",31,2.0736957140034065,0.42752770395343714,0.028841604079735246
0.5743683056583627,"{'boosting_type': 'gbdt', 'colsample_bytree': 0.6200873819815591, 'learning_rate': 0.05969033264872652, 'limit_max_depth': False, 'max_depth': -1, 'min_child_samples': 5, 'num_leaves': 35, 'reg_alpha': 0.8052410041096226, 'reg_lambda': 0.29260418828209556, 'subsample_for_bin': 56000, 'subsample': 0.9209757918122794, 'subsample_freq': 8, 'n_estimators': 68}",32,1.7260299397981727,0.4256316943416373,0.01734490736553971
0.5718818891315105,"{'boosting_type': 'gbdt', 'colsample_bytree': 0.7348642825081164, 'learning_rate': 0.04435927635136892, 'limit_max_depth': False, 'max_depth': -1, 'min_child_samples': 35, 'num_leaves': 31, 'reg_alpha': 0.3075612095141819, 'reg_lambda': 0.5822727575227405, 'subsample_for_bin': 70000, 'subsample': 0.77248396835435, 'subsample_freq': 4, 'n_estimators': 110}",33,1.9011515405902173,0.4281181108684895,0.016890428565444992
0.5840136486432969,"{'boosting_type': 'gbdt', 'colsample_bytree': 0.6660738003155576, 'learning_rate': 0.0375539783824832, 'limit_max_depth': False, 'max_depth': -1, 'min_child_samples': 30, 'num_leaves': 17, 'reg_alpha': 0.16499084860731328, 'reg_lambda': 0.4883769504824427, 'subsample_for_bin': 70000, 'subsample': 0.8705383690331431, 'subsample_freq': 10, 'n_estimators': 102}",34,1.3965198400081136,0.41598635135670314,0.023933561060127114
0.578292604455295,"{'boosting_type': 'dart', 'colsample_bytree': 0.643360014355362, 'learning_rate': 0.05771405661569049, 'limit_max_depth': False, 'max_depth': -1, 'min_child_samples': 15, 'num_leaves': 45, 'reg_alpha': 0.07591459762933694, 'reg_lambda': 0.1546406887232799, 'subsample_for_bin': 16000, 'drop_rate': 0.2674400019136999, 'subsample': 0.6103297164603215, 'subsample_freq': 10, 'n_estimators': 0}",35,5.5579843221989,0.42170739554470504,0.027066715493764527
0.558944210414709,"{'boosting_type': 'gbdt', 'colsample_bytree': 0.5890305735833644, 'learning_rate': 0.07644665608162138, 'limit_max_depth': False, 'max_depth': -1, 'min_child_samples': 20, 'num_leaves': 29, 'reg_alpha': 0.280302783646936, 'reg_lambda': 0.8242232541809907, 'subsample_for_bin': 94000, 'subsample': 0.9903444262624899, 'subsample_freq': 6, 'n_estimators': 51}",36,1.8031422582047525,0.441055789585291,0.02180262911997626
0.5997994146580989,"{'boosting_type': 'dart', 'colsample_bytree': 0.5270684975724713, 'learning_rate': 0.19716138855991766, 'limit_max_depth': False, 'max_depth': -1, 'min_child_samples': 30, 'num_leaves': 28, 'reg_alpha': 0.47147252955602703, 'reg_lambda': 0.8327650153670514, 'subsample_for_bin': 94000, 'drop_rate': 0.26207722828989655, 'subsample': 0.7235040354266578, 'subsample_freq': 10, 'n_estimators': 0}",37,4.185514677199535,0.40020058534190106,0.01659379866348067
0.5793955487915998,"{'boosting_type': 'gbdt', 'colsample_bytree': 0.5916337395400937, 'learning_rate': 0.07511550328903402, 'limit_max_depth': True, 'max_depth': 22, 'min_child_samples': 20, 'num_leaves': 17, 'reg_alpha': 0.3474743598150175, 'reg_lambda': 0.6781871185769112, 'subsample_for_bin': 92000, 'subsample': 0.9893424678979773, 'subsample_freq': 6, 'n_estimators': 123}",38,1.41459424419445,0.4206044512084001,0.01004208370026803
0.5711167918222456,"{'boosting_type': 'goss', 'colsample_bytree': 0.5713054643411114, 'learning_rate': 0.13312194889093013, 'limit_max_depth': False, 'max_depth': -1, 'min_child_samples': 40, 'num_leaves': 35, 'reg_alpha': 0.2789205850072597, 'reg_lambda': 0.8222798740493399, 'subsample_for_bin': 82000, 'subsample': 1.0, 'subsample_freq': 0, 'n_estimators': 32}",39,1.022301970794797,0.4288832081777544,0.014404346239471311
0.5867872990236951,"{'boosting_type': 'dart', 'colsample_bytree': 0.6379317994605038, 'learning_rate': 0.030620283679154415, 'limit_max_depth': False, 'max_depth': -1, 'min_child_samples': 45, 'num_leaves': 24, 'reg_alpha': 0.2339233233143133, 'reg_lambda': 0.9122266200240887, 'subsample_for_bin': 100000, 'drop_rate': 0.4959404386352775, 'subsample': 0.5029909553243384, 'subsample_freq': 1, 'n_estimators': 0}",40,3.9224012012011373,0.41321270097630486,0.006904919769855373
0.5649040215294944,"{'boosting_type': 'gbdt', 'colsample_bytree': 0.539819756304587, 'learning_rate': 0.09305536606620693, 'limit_max_depth': True, 'max_depth': 4, 'min_child_samples': 20, 'num_leaves': 14, 'reg_alpha': 0.6538861002253412, 'reg_lambda': 0.9999856709940341, 'subsample_for_bin': 32000, 'subsample': 0.5485997828140137, 'subsample_freq': 4, 'n_estimators': 66}",41,1.0663665339990984,0.43509597847050563,0.017932418802856502
0.5843853708076402,"{'boosting_type': 'goss', 'colsample_bytree': 0.597994473101344, 'learning_rate': 0.07441197378809743, 'limit_max_depth': False, 'max_depth': -1, 'min_child_samples': 30, 'num_leaves': 29, 'reg_alpha': 0.10252657639190524, 'reg_lambda': 0.7108783764913639, 'subsample_for_bin': 84000, 'subsample': 1.0, 'subsample_freq': 0, 'n_estimators': 115}",42,1.528878306603292,0.4156146291923598,0.019529822476566025
0.5749973280097446,"{'boosting_type': 'gbdt', 'colsample_bytree': 0.8647161568189572, 'learning_rate': 0.10251372748105154, 'limit_max_depth': True, 'max_depth': 32, 'min_child_samples': 25, 'num_leaves': 37, 'reg_alpha': 0.3781175462094195, 'reg_lambda': 0.785625821770057, 'subsample_for_bin': 54000, 'subsample': 0.9596743260791007, 'subsample_freq': 5, 'n_estimators': 67}",43,2.526570733793778,0.42500267199025543,0.020516720778240714
0.5990188436209886,"{'boosting_type': 'dart', 'colsample_bytree': 0.9239559092547158, 'learning_rate': 0.04574702696710619, 'limit_max_depth': False, 'max_depth': -1, 'min_child_samples': 75, 'num_leaves': 21, 'reg_alpha': 0.04434821623516155, 'reg_lambda': 0.8958808519798569, 'subsample_for_bin': 74000, 'drop_rate': 0.2036029481287957, 'subsample': 0.7071508167272069, 'subsample_freq': 8, 'n_estimators': 0}",44,2.5853925495990553,0.40098115637901144,0.01687812951019783
0.570680044545993,"{'boosting_type': 'gbdt', 'colsample_bytree': 0.5029920354763223, 'learning_rate': 0.06420018626938946, 'limit_max_depth': False, 'max_depth': -1, 'min_child_samples': 50, 'num_leaves': 41, 'reg_alpha': 0.5193257595163878, 'reg_lambda': 0.6090299577703746, 'subsample_for_bin': 24000, 'subsample': 0.6431555859633747, 'subsample_freq': 10, 'n_estimators': 100}",45,1.4151603570091538,0.42931995545400703,0.023233726801096775
0.581942312228418,"{'boosting_type': 'goss', 'colsample_bytree': 0.8303756192036045, 'learning_rate': 0.07849614054597301, 'limit_max_depth': False, 'max_depth': -1, 'min_child_samples': 35, 'num_leaves': 33, 'reg_alpha': 0.9781775220090434, 'reg_lambda': 0.48048970120149936, 'subsample_for_bin': 42000, 'subsample': 1.0, 'subsample_freq': 0, 'n_estimators': 77}",46,1.1340440663974731,0.41805768777158203,0.02025404334213003
0.559715786361928,"{'boosting_type': 'gbdt', 'colsample_bytree': 0.7146972275079779, 'learning_rate': 0.03810120212852441, 'limit_max_depth': True, 'max_depth': 19, 'min_child_samples': 5, 'num_leaves': 29, 'reg_alpha': 0.19180853754754468, 'reg_lambda': 0.5706475005224894, 'subsample_for_bin': 88000, 'subsample': 0.5658060652404713, 'subsample_freq': 6, 'n_estimators': 27}",47,1.2946355824009514,0.4402842136380721,0.03183722915967407
0.5676621330650505,"{'boosting_type': 'dart', 'colsample_bytree': 0.789025078379586, 'learning_rate': 0.15464950691246615, 'limit_max_depth': False, 'max_depth': -1, 'min_child_samples': 55, 'num_leaves': 44, 'reg_alpha': 0.44032087341502335, 'reg_lambda': 0.788916522815662, 'subsample_for_bin': 84000, 'drop_rate': 0.3556957860518433, 'subsample': 0.5041106899790259, 'subsample_freq': 2, 'n_estimators': 0}",48,4.186025162396254,0.43233786693494947,0.01703379389238635
0.5878381364104819,"{'boosting_type': 'gbdt', 'colsample_bytree': 0.7452103429999937, 'learning_rate': 0.033015294303481976, 'limit_max_depth': False, 'max_depth': -1, 'min_child_samples': 10, 'num_leaves': 7, 'reg_alpha': 0.8252562156882031, 'reg_lambda': 0.7111906870817779, 'subsample_for_bin': 96000, 'subsample': 0.879620789635099, 'subsample_freq': 8, 'n_estimators': 119}",49,1.1255773778015281,0.4121618635895182,0.009069183403618775
0.5713740793977816,"{'boosting_type': 'goss', 'colsample_bytree': 0.6581376202277107, 'learning_rate': 0.02806813240460025, 'limit_max_depth': True, 'max_depth': 30, 'min_child_samples': 40, 'num_leaves': 47, 'reg_alpha': 0.5577286235080281, 'reg_lambda': 0.8643435921964535, 'subsample_for_bin': 2000, 'subsample': 1.0, 'subsample_freq': 0, 'n_estimators': 12}",50,0.9252183184085879,0.4286259206022184,0.01886638742921605
0.580064031061576,"{'boosting_type': 'gbdt', 'colsample_bytree': 0.567929230385879, 'learning_rate': 0.05593968868892861, 'limit_max_depth': False, 'max_depth': -1, 'min_child_samples': 60, 'num_leaves': 39, 'reg_alpha': 0.29305567574817415, 'reg_lambda': 0.9729298272576624, 'subsample_for_bin': 48000, 'subsample': 0.502177163196692, 'subsample_freq': 3, 'n_estimators': 98}",51,1.3065376255952288,0.419935968938424,0.018432603880522997
0.5725042531646509,"{'boosting_type': 'gbdt', 'colsample_bytree': 0.9083695907537429, 'learning_rate': 0.06513858422014665, 'limit_max_depth': False, 'max_depth': -1, 'min_child_samples': 45, 'num_leaves': 26, 'reg_alpha': 0.14121306820576507, 'reg_lambda': 0.751613868301338, 'subsample_for_bin': 22000, 'subsample': 0.7172553762516213, 'subsample_freq': 7, 'n_estimators': 64}",52,1.5400242425967008,0.4274957468353491,0.01042277040982581
0.5737523624550825,"{'boosting_type': 'dart', 'colsample_bytree': 0.6217101005237173, 'learning_rate': 0.08423719340861309, 'limit_max_depth': True, 'max_depth': 11, 'min_child_samples': 35, 'num_leaves': 23, 'reg_alpha': 0.33130934739585155, 'reg_lambda': 0.542511952395068, 'subsample_for_bin': 34000, 'drop_rate': 0.36119336129593055, 'subsample': 0.6469117526411636, 'subsample_freq': 8, 'n_estimators': 0}",53,4.054900000593625,0.42624763754491746,0.014616614583872131
0.5766900739644161,"{'boosting_type': 'goss', 'colsample_bytree': 0.809154295967808, 'learning_rate': 0.17768532129049094, 'limit_max_depth': False, 'max_depth': -1, 'min_child_samples': 20, 'num_leaves': 47, 'reg_alpha': 0.2541813364322473, 'reg_lambda': 0.4462209389929161, 'subsample_for_bin': 100000, 'subsample': 1.0, 'subsample_freq': 0, 'n_estimators': 32}",54,1.0255967164121103,0.4233099260355839,0.015702692499896483
0.5666343717161395,"{'boosting_type': 'gbdt', 'colsample_bytree': 0.9709043863674218, 'learning_rate': 0.13074262461837677, 'limit_max_depth': False, 'max_depth': -1, 'min_child_samples': 25, 'num_leaves': 21, 'reg_alpha': 0.21480094696378935, 'reg_lambda': 0.6834418258626525, 'subsample_for_bin': 56000, 'subsample': 0.5968860723691158, 'subsample_freq': 5, 'n_estimators': 45}",55,1.2053384328028187,0.43336562828386044,0.010248487930129021
0.5778549544550987,"{'boosting_type': 'gbdt', 'colsample_bytree': 0.5430538047161324, 'learning_rate': 0.2451165598085116, 'limit_max_depth': False, 'max_depth': -1, 'min_child_samples': 15, 'num_leaves': 19, 'reg_alpha': 0.4011784210903616, 'reg_lambda': 0.6426278780056075, 'subsample_for_bin': 74000, 'subsample': 0.9545952808755243, 'subsample_freq': 3, 'n_estimators': 30}",56,1.0224858274043072,0.4221450455449013,0.020225148939598588
0.5924123251492792,"{'boosting_type': 'gbdt', 'colsample_bytree': 0.5871031913133533, 'learning_rate': 0.06967001036135437, 'limit_max_depth': True, 'max_depth': 31, 'min_child_samples': 80, 'num_leaves': 14, 'reg_alpha': 0.09507165089953454, 'reg_lambda': 0.9325482203733302, 'subsample_for_bin': 66000, 'subsample': 0.6466010842787471, 'subsample_freq': 9, 'n_estimators': 130}",57,1.1539322778058705,0.40758767485072084,0.010780778635466353
0.5685555780967946,"{'boosting_type': 'goss', 'colsample_bytree': 0.6843959866834498, 'learning_rate': 0.09516354048088115, 'limit_max_depth': False, 'max_depth': -1, 'min_child_samples': 30, 'num_leaves': 37, 'reg_alpha': 0.005751921436324137, 'reg_lambda': 0.2713973551005321, 'subsample_for_bin': 46000, 'subsample': 1.0, 'subsample_freq': 0, 'n_estimators': 103}",58,1.2039945829950738,0.4314444219032055,0.014166461434755095
0.5686378340382297,"{'boosting_type': 'gbdt', 'colsample_bytree': 0.6567651337929615, 'learning_rate': 0.11940108814432646, 'limit_max_depth': False, 'max_depth': -1, 'min_child_samples': 50, 'num_leaves': 41, 'reg_alpha': 0.7116727897228782, 'reg_lambda': 0.3955550979571079, 'subsample_for_bin': 52000, 'subsample': 0.9988832005516074, 'subsample_freq': 4, 'n_estimators': 101}",59,1.4247002454008908,0.4313621659617703,0.00959372935310753
0.5952681484580674,"{'boosting_type': 'dart', 'colsample_bytree': 0.7710300608761158, 'learning_rate': 0.05467454237461281, 'limit_max_depth': False, 'max_depth': -1, 'min_child_samples': 10, 'num_leaves': 33, 'reg_alpha': 0.17108213861225524, 'reg_lambda': 0.523502644090771, 'subsample_for_bin': 90000, 'drop_rate': 0.19960711346118581, 'subsample': 0.975167803206485, 'subsample_freq': 6, 'n_estimators': 0}",60,3.8379536737920716,0.4047318515419326,0.007026509461020027
0.5560326058052095,"{'boosting_type': 'gbdt', 'colsample_bytree': 0.6065407703685664, 'learning_rate': 0.04651815499152559, 'limit_max_depth': True, 'max_depth': 37, 'min_child_samples': 5, 'num_leaves': 50, 'reg_alpha': 0.4783336966022381, 'reg_lambda': 0.8665711341551008, 'subsample_for_bin': 60000, 'subsample': 0.7770107993649056, 'subsample_freq': 6, 'n_estimators': 42}",61,2.0978864990058357,0.4439673941947905,0.015614248286487787
0.5719853104127152,"{'boosting_type': 'gbdt', 'colsample_bytree': 0.8457650968197589, 'learning_rate': 0.04888037704602018, 'limit_max_depth': True, 'max_depth': 37, 'min_child_samples': 15, 'num_leaves': 47, 'reg_alpha': 0.8529030476797081, 'reg_lambda': 0.8693489503487738, 'subsample_for_bin': 38000, 'subsample': 0.778109648751826, 'subsample_freq': 2, 'n_estimators': 101}",62,1.8548587769968434,0.42801468958728484,0.016214264809269324
0.5669669042616017,"{'boosting_type': 'gbdt', 'colsample_bytree': 0.6083782125944253, 'learning_rate': 0.038587311473480594, 'limit_max_depth': True, 'max_depth': 40, 'min_child_samples': 70, 'num_leaves': 49, 'reg_alpha': 0.8971257049660157, 'reg_lambda': 0.6095714273976652, 'subsample_for_bin': 58000, 'subsample': 0.7271558751545668, 'subsample_freq': 7, 'n_estimators': 176}",63,2.273164884193102,0.4330330957383984,0.010679747623334337
0.5692175905638104,"{'boosting_type': 'goss', 'colsample_bytree': 0.7085232970005748, 'learning_rate': 0.02502887934829688, 'limit_max_depth': True, 'max_depth': 35, 'min_child_samples': 10, 'num_leaves': 50, 'reg_alpha': 0.9303817586356369, 'reg_lambda': 0.7374476588705432, 'subsample_for_bin': 30000, 'subsample': 1.0, 'subsample_freq': 0, 'n_estimators': 78}",64,1.7477538918028586,0.4307824094361896,0.02780365780736955
0.5802552674037474,"{'boosting_type': 'gbdt', 'colsample_bytree': 0.7604049976639691, 'learning_rate': 0.04125551046676505, 'limit_max_depth': True, 'max_depth': 3, 'min_child_samples': 5, 'num_leaves': 43, 'reg_alpha': 0.7254305403645568, 'reg_lambda': 0.9999592565041763, 'subsample_for_bin': 62000, 'subsample': 0.7728050184906768, 'subsample_freq': 8, 'n_estimators': 67}",65,0.8054857693961821,0.41974473259625256,0.0160437205984022
0.5783540508334732,"{'boosting_type': 'gbdt', 'colsample_bytree': 0.6327313575516346, 'learning_rate': 0.04920016058652452, 'limit_max_depth': True, 'max_depth': 36, 'min_child_samples': 20, 'num_leaves': 45, 'reg_alpha': 0.5582385492896712, 'reg_lambda': 0.8140007611396164, 'subsample_for_bin': 72000, 'subsample': 0.9017364531995414, 'subsample_freq': 6, 'n_estimators': 63}",66,1.5798676507896743,0.4216459491665268,0.028625461080069955
0.583396644079328,"{'boosting_type': 'gbdt', 'colsample_bytree': 0.5203638147898739, 'learning_rate': 0.061002966121249044, 'limit_max_depth': True, 'max_depth': 33, 'min_child_samples': 10, 'num_leaves': 40, 'reg_alpha': 0.4538886057945451, 'reg_lambda': 0.7726689783326044, 'subsample_for_bin': 66000, 'subsample': 0.6035372183217471, 'subsample_freq': 6, 'n_estimators': 117}",67,1.8304835159971844,0.416603355920672,0.006976182042076438
0.5833393942929201,"{'boosting_type': 'gbdt', 'colsample_bytree': 0.5552292918976665, 'learning_rate': 0.03375519475946917, 'limit_max_depth': True, 'max_depth': 39, 'min_child_samples': 5, 'num_leaves': 27, 'reg_alpha': 0.6079287282518118, 'reg_lambda': 0.8655337506926122, 'subsample_for_bin': 78000, 'subsample': 0.9483136441439921, 'subsample_freq': 7, 'n_estimators': 53}",68,1.3229286438028793,0.41666060570707986,0.02222845197189242
0.5672732124154084,"{'boosting_type': 'gbdt', 'colsample_bytree': 0.7289128110222796, 'learning_rate': 0.09052960291627718, 'limit_max_depth': True, 'max_depth': 6, 'min_child_samples': 15, 'num_leaves': 34, 'reg_alpha': 0.3607716177899811, 'reg_lambda': 0.9552168108713696, 'subsample_for_bin': 52000, 'subsample': 0.8306752365876585, 'subsample_freq': 5, 'n_estimators': 131}",69,1.546096877194941,0.4327267875845916,0.01133182856433126
0.5858196563186872,"{'boosting_type': 'gbdt', 'colsample_bytree': 0.6723754041949238, 'learning_rate': 0.04696058104168182, 'limit_max_depth': True, 'max_depth': 19, 'min_child_samples': 25, 'num_leaves': 38, 'reg_alpha': 0.5187218397275353, 'reg_lambda': 0.6891808631321038, 'subsample_for_bin': 80000, 'subsample': 0.6738576501780247, 'subsample_freq': 7, 'n_estimators': 100}",70,1.497842352394946,0.41418034368131285,0.02433222500016675
0.5659988291995138,"{'boosting_type': 'gbdt', 'colsample_bytree': 0.692968824504849, 'learning_rate': 0.0746599012042688, 'limit_max_depth': True, 'max_depth': 25, 'min_child_samples': 20, 'num_leaves': 31, 'reg_alpha': 0.48279341570378725, 'reg_lambda': 0.9265744549197104, 'subsample_for_bin': 44000, 'subsample': 0.8022200377994363, 'subsample_freq': 6, 'n_estimators': 79}",71,1.5606109485961497,0.43400117080048617,0.01902389636923128
0.5678384663800257,"{'boosting_type': 'gbdt', 'colsample_bytree': 0.6480175026523328, 'learning_rate': 0.10096276464025399, 'limit_max_depth': False, 'max_depth': -1, 'min_child_samples': 30, 'num_leaves': 43, 'reg_alpha': 0.4195442493218724, 'reg_lambda': 0.811949543661412, 'subsample_for_bin': 62000, 'subsample': 0.889496724534893, 'subsample_freq': 9, 'n_estimators': 37}",72,1.4014040315989404,0.43216153361997434,0.02043353286390297
0.5801824970200893,"{'boosting_type': 'gbdt', 'colsample_bytree': 0.6136128439247645, 'learning_rate': 0.04357710523132977, 'limit_max_depth': False, 'max_depth': -1, 'min_child_samples': 40, 'num_leaves': 50, 'reg_alpha': 0.3194600298262766, 'reg_lambda': 0.570358073627117, 'subsample_for_bin': 68000, 'subsample': 0.549497911425135, 'subsample_freq': 5, 'n_estimators': 131}",73,1.3392428942082915,0.4198175029799107,0.013366005445663869
0.5655117037907026,"{'boosting_type': 'gbdt', 'colsample_bytree': 0.5817858684718501, 'learning_rate': 0.08036096200142932, 'limit_max_depth': True, 'max_depth': 29, 'min_child_samples': 5, 'num_leaves': 46, 'reg_alpha': 0.0417150931770241, 'reg_lambda': 0.6631312475591105, 'subsample_for_bin': 18000, 'subsample': 0.844812908784071, 'subsample_freq': 7, 'n_estimators': 42}",74,1.8096817373938392,0.4344882962092974,0.034350485080375394
0.5845757196617258,"{'boosting_type': 'dart', 'colsample_bytree': 0.5303793109935687, 'learning_rate': 0.030979064310190443, 'limit_max_depth': False, 'max_depth': -1, 'min_child_samples': 15, 'num_leaves': 36, 'reg_alpha': 0.2679116892674709, 'reg_lambda': 0.729279904444459, 'subsample_for_bin': 60000, 'drop_rate': 0.40648300245515484, 'subsample': 0.7789849758622324, 'subsample_freq': 9, 'n_estimators': 0}",75,5.5098054828005845,0.41542428033827417,0.016370147514661315
0.5750618439051861,"{'boosting_type': 'gbdt', 'colsample_bytree': 0.6011480252076428, 'learning_rate': 0.06272416755481094, 'limit_max_depth': False, 'max_depth': -1, 'min_child_samples': 20, 'num_leaves': 48, 'reg_alpha': 0.3778970808013442, 'reg_lambda': 0.882464093794108, 'subsample_for_bin': 50000, 'subsample': 0.9734293844140938, 'subsample_freq': 6, 'n_estimators': 70}",76,1.8092889559979084,0.4249381560948139,0.01922027814141083
0.5715400766401737,"{'boosting_type': 'gbdt', 'colsample_bytree': 0.6974286721258182, 'learning_rate': 0.03586452118832145, 'limit_max_depth': True, 'max_depth': 34, 'min_child_samples': 25, 'num_leaves': 19, 'reg_alpha': 0.5948496334348286, 'reg_lambda': 0.6283757215234368, 'subsample_for_bin': 88000, 'subsample': 0.6302458684843867, 'subsample_freq': 8, 'n_estimators': 77}",77,1.1742589587986003,0.42845992335982636,0.01584350985053972
0.5752754884933967,"{'boosting_type': 'gbdt', 'colsample_bytree': 0.5619918358727825, 'learning_rate': 0.11036647234967999, 'limit_max_depth': False, 'max_depth': -1, 'min_child_samples': 35, 'num_leaves': 30, 'reg_alpha': 0.21674717933119936, 'reg_lambda': 0.8511803943785646, 'subsample_for_bin': 76000, 'subsample': 0.9345869187409882, 'subsample_freq': 7, 'n_estimators': 42}",78,1.3621690552041401,0.4247245115066033,0.021937420705827056
0.5897866283269665,"{'boosting_type': 'gbdt', 'colsample_bytree': 0.6784778016930537, 'learning_rate': 0.06768560032927483, 'limit_max_depth': False, 'max_depth': -1, 'min_child_samples': 10, 'num_leaves': 8, 'reg_alpha': 0.665698310033926, 'reg_lambda': 0.9808850501978108, 'subsample_for_bin': 28000, 'subsample': 0.6744823735256351, 'subsample_freq': 3, 'n_estimators': 57}",79,0.8008770113985519,0.4102133716730335,0.024334293076928953
0.5850102527023805,"{'boosting_type': 'dart', 'colsample_bytree': 0.5108933873451813, 'learning_rate': 0.05113085433036632, 'limit_max_depth': True, 'max_depth': 16, 'min_child_samples': 30, 'num_leaves': 25, 'reg_alpha': 0.15878959703976803, 'reg_lambda': 0.8000436766786674, 'subsample_for_bin': 40000, 'drop_rate': 0.4979905579082441, 'subsample': 0.5683387598203583, 'subsample_freq': 1, 'n_estimators': 0}",80,4.610032222198788,0.4149897472976195,0.023259962543944617
0.5739954581295972,"{'boosting_type': 'goss', 'colsample_bytree': 0.7221586598329336, 'learning_rate': 0.02705958821362923, 'limit_max_depth': False, 'max_depth': -1, 'min_child_samples': 15, 'num_leaves': 13, 'reg_alpha': 0.11955884818316809, 'reg_lambda': 0.4712723140466061, 'subsample_for_bin': 12000, 'subsample': 1.0, 'subsample_freq': 0, 'n_estimators': 77}",81,1.079562468599761,0.4260045418704029,0.01780559836079804
0.5787530689477347,"{'boosting_type': 'gbdt', 'colsample_bytree': 0.6293410176219538, 'learning_rate': 0.057422566462635195, 'limit_max_depth': False, 'max_depth': -1, 'min_child_samples': 45, 'num_leaves': 42, 'reg_alpha': 0.5015619133646056, 'reg_lambda': 0.17811522885510617, 'subsample_for_bin': 84000, 'subsample': 0.8565855558089714, 'subsample_freq': 5, 'n_estimators': 147}",82,1.7554451229982078,0.42124693105226535,0.019917878793834814
0.5542469362572477,"{'boosting_type': 'gbdt', 'colsample_bytree': 0.6532118671726095, 'learning_rate': 0.07233546528736844, 'limit_max_depth': True, 'max_depth': 39, 'min_child_samples': 5, 'num_leaves': 39, 'reg_alpha': 0.038410964862201635, 'reg_lambda': 0.5899579940098019, 'subsample_for_bin': 58000, 'subsample': 0.7213636191988593, 'subsample_freq': 4, 'n_estimators': 44}",83,1.6142499740002676,0.44575306374275225,0.007810892841960046
0.5654012371213312,"{'boosting_type': 'gbdt', 'colsample_bytree': 0.7432734798142024, 'learning_rate': 0.05407248377470954, 'limit_max_depth': True, 'max_depth': 38, 'min_child_samples': 5, 'num_leaves': 44, 'reg_alpha': 0.03385934349073233, 'reg_lambda': 0.5044322119401847, 'subsample_for_bin': 58000, 'subsample': 0.7986129543449361, 'subsample_freq': 2, 'n_estimators': 53}",84,1.727385313605191,0.43459876287866883,0.011234980287648634
0.5953763329236448,"{'boosting_type': 'dart', 'colsample_bytree': 0.780680946953783, 'learning_rate': 0.07213386033668381, 'limit_max_depth': True, 'max_depth': 40, 'min_child_samples': 60, 'num_leaves': 39, 'reg_alpha': 0.057942515752861704, 'reg_lambda': 0.43559924294863167, 'subsample_for_bin': 54000, 'drop_rate': 0.21307700862797235, 'subsample': 0.6690783097668563, 'subsample_freq': 3, 'n_estimators': 0}",85,2.896061924600508,0.40462366707635516,0.018146330016200137
0.5715938453257712,"{'boosting_type': 'goss', 'colsample_bytree': 0.6485810676186153, 'learning_rate': 0.08512636531937738, 'limit_max_depth': True, 'max_depth': 36, 'min_child_samples': 5, 'num_leaves': 40, 'reg_alpha': 0.7977441040134345, 'reg_lambda': 0.36261652854210663, 'subsample_for_bin': 44000, 'subsample': 1.0, 'subsample_freq': 0, 'n_estimators': 58}",86,1.6473852864000946,0.4284061546742288,0.018638647367511516
0.5736170949713604,"{'boosting_type': 'gbdt', 'colsample_bytree': 0.8103892373703818, 'learning_rate': 0.14370234844206262, 'limit_max_depth': True, 'max_depth': 39, 'min_child_samples': 10, 'num_leaves': 46, 'reg_alpha': 0.10414468872956346, 'reg_lambda': 0.326344822391152, 'subsample_for_bin': 64000, 'subsample': 0.7374031489976655, 'subsample_freq': 2, 'n_estimators': 39}",87,1.5990288148052059,0.4263829050286397,0.015537268584295253
0.5627160538113954,"{'boosting_type': 'gbdt', 'colsample_bytree': 0.7035305908137819, 'learning_rate': 0.03953671801847464, 'limit_max_depth': True, 'max_depth': 33, 'min_child_samples': 25, 'num_leaves': 36, 'reg_alpha': 0.7524600185634358, 'reg_lambda': 0.5872099444782697, 'subsample_for_bin': 68000, 'subsample': 0.7039649184360937, 'subsample_freq': 4, 'n_estimators': 51}",88,1.4143249861954246,0.43728394618860456,0.025697645288924088
0.5651191740010785,"{'boosting_type': 'gbdt', 'colsample_bytree': 0.7536214584533817, 'learning_rate': 0.028866528428243915, 'limit_max_depth': True, 'max_depth': 38, 'min_child_samples': 5, 'num_leaves': 42, 'reg_alpha': 0.00037495153159167183, 'reg_lambda': 0.38804047427443955, 'subsample_for_bin': 48000, 'subsample': 0.6910602875937515, 'subsample_freq': 4, 'n_estimators': 94}",89,2.0770586799946615,0.4348808259989215,0.02063578768303965
0.5702092839446216,"{'boosting_type': 'gbdt', 'colsample_bytree': 0.5748898844086214, 'learning_rate': 0.044258271469081595, 'limit_max_depth': True, 'max_depth': 37, 'min_child_samples': 55, 'num_leaves': 38, 'reg_alpha': 0.1965582621784811, 'reg_lambda': 0.10329471442301791, 'subsample_for_bin': 74000, 'subsample': 0.7572861203319248, 'subsample_freq': 4, 'n_estimators': 130}",90,1.4319798515934963,0.4297907160553784,0.013450831391568503
0.5927112887394745,"{'boosting_type': 'goss', 'colsample_bytree': 0.6610443895708368, 'learning_rate': 0.03215259195250959, 'limit_max_depth': True, 'max_depth': 34, 'min_child_samples': 10, 'num_leaves': 3, 'reg_alpha': 0.08686444689759906, 'reg_lambda': 0.5254338320826195, 'subsample_for_bin': 36000, 'subsample': 1.0, 'subsample_freq': 0, 'n_estimators': 120}",91,0.8033764671941753,0.40728871126052546,0.014615101607901412
0.5966779626755964,"{'boosting_type': 'dart', 'colsample_bytree': 0.6698833545227934, 'learning_rate': 0.03523196143809412, 'limit_max_depth': True, 'max_depth': 32, 'min_child_samples': 35, 'num_leaves': 34, 'reg_alpha': 0.1398152847947314, 'reg_lambda': 0.4665149462227731, 'subsample_for_bin': 58000, 'drop_rate': 0.3091677327535061, 'subsample': 0.9978959186216232, 'subsample_freq': 7, 'n_estimators': 0}",92,4.406478668394266,0.40332203732440364,0.011697693109685573
0.5581373059226794,"{'boosting_type': 'gbdt', 'colsample_bytree': 0.6208274723412632, 'learning_rate': 0.059314852755201666, 'limit_max_depth': True, 'max_depth': 30, 'min_child_samples': 20, 'num_leaves': 48, 'reg_alpha': 0.7709978871637411, 'reg_lambda': 0.5517684762287886, 'subsample_for_bin': 46000, 'subsample': 0.586500640178687, 'subsample_freq': 3, 'n_estimators': 78}",93,1.4497289897932206,0.4418626940773206,0.021779454261935383
0.5610749965583908,"{'boosting_type': 'gbdt', 'colsample_bytree': 0.6811411556899019, 'learning_rate': 0.06605958884710848, 'limit_max_depth': True, 'max_depth': 12, 'min_child_samples': 40, 'num_leaves': 41, 'reg_alpha': 0.023455810201376756, 'reg_lambda': 0.6614336575109181, 'subsample_for_bin': 64000, 'subsample': 0.8143954086293784, 'subsample_freq': 5, 'n_estimators': 69}",94,1.4031674231926445,0.4389250034416092,0.02237141235891216
0.5626152245705776,"{'boosting_type': 'gbdt', 'colsample_bytree': 0.6410132341239229, 'learning_rate': 0.09696105776200697, 'limit_max_depth': True, 'max_depth': 36, 'min_child_samples': 50, 'num_leaves': 32, 'reg_alpha': 0.6910870146096602, 'reg_lambda': 0.7664615879099105, 'subsample_for_bin': 50000, 'subsample': 0.6520712419774373, 'subsample_freq': 9, 'n_estimators': 85}",95,1.2424288665934,0.4373847754294225,0.026116010652173255
0.5795831962792939,"{'boosting_type': 'goss', 'colsample_bytree': 0.7356016521445006, 'learning_rate': 0.03662541719206819, 'limit_max_depth': True, 'max_depth': 7, 'min_child_samples': 15, 'num_leaves': 44, 'reg_alpha': 0.6310517627650842, 'reg_lambda': 0.41336789299838317, 'subsample_for_bin': 72000, 'subsample': 1.0, 'subsample_freq': 0, 'n_estimators': 66}",96,1.1441170307982247,0.42041680372070617,0.009759199088384329
0.5573216113901878,"{'boosting_type': 'gbdt', 'colsample_bytree': 0.6006257466182788, 'learning_rate': 0.05155923662622207, 'limit_max_depth': True, 'max_depth': 35, 'min_child_samples': 25, 'num_leaves': 50, 'reg_alpha': 0.9904983904834459, 'reg_lambda': 0.2562877382308416, 'subsample_for_bin': 40000, 'subsample': 0.5318546941379209, 'subsample_freq': 3, 'n_estimators': 31}",97,1.1196033263986465,0.44267838860981223,0.024270828510412824
0.5789555169660455,"{'boosting_type': 'dart', 'colsample_bytree': 0.8881541474323661, 'learning_rate': 0.045870992243432517, 'limit_max_depth': True, 'max_depth': 28, 'min_child_samples': 15, 'num_leaves': 46, 'reg_alpha': 0.24695971180678908, 'reg_lambda': 0.5937323713406077, 'subsample_for_bin': 54000, 'drop_rate': 0.10175947334223784, 'subsample': 0.8092253753430985, 'subsample_freq': 5, 'n_estimators': 0}",98,3.446043820201885,0.4210444830339545,0.021257538268384668
0.5745270332351279,"{'boosting_type': 'gbdt', 'colsample_bytree': 0.5451650329522283, 'learning_rate': 0.12122693128738495, 'limit_max_depth': True, 'max_depth': 9, 'min_child_samples': 70, 'num_leaves': 48, 'reg_alpha': 0.2952941784743469, 'reg_lambda': 0.704970996384329, 'subsample_for_bin': 56000, 'subsample': 0.5002490382070485, 'subsample_freq': 10, 'n_estimators': 107}",99,1.102485834393883,0.4254729667648721,0.01653662914051735
0.5748481818251417,"{'boosting_type': 'gbdt', 'colsample_bytree': 0.8012218945029403, 'learning_rate': 0.20971981505522053, 'limit_max_depth': True, 'max_depth': 40, 'min_child_samples': 30, 'num_leaves': 37, 'reg_alpha': 0.5354337266627759, 'reg_lambda': 0.3178003059317077, 'subsample_for_bin': 68000, 'subsample': 0.7824649242840338, 'subsample_freq': 1, 'n_estimators': 28}",100,1.2581716137996408,0.42515181817485825,0.023033882630405005
